{"cameraMode":{"drawMode":0,"name":"Shaded","section":"Shading Mode"},"sceneLighting":true,"audioPlay":false,"sceneViewState":{"showFog":true,"showMaterialUpdate":false,"showSkybox":true,"showFlares":true,"showImageEffects":true,"showParticleSystems":true},"in2DMode":false,"pivot":{"x":138.446533203125,"y":71.39027404785156,"z":-100.41702270507813},"rotation":{"x":0.0471942313015461,"y":0.8943911194801331,"z":-0.09725154936313629,"w":0.43402808904647829},"size":346.7202453613281,"orthographic":false}