{"cameraMode":{"drawMode":0,"name":"Shaded","section":"Shading Mode"},"sceneLighting":true,"audioPlay":false,"sceneViewState":{"showFog":true,"showMaterialUpdate":false,"showSkybox":true,"showFlares":true,"showImageEffects":true,"showParticleSystems":true},"in2DMode":false,"pivot":{"x":-336.375,"y":88.96484375,"z":-298.9306640625},"rotation":{"x":-0.006000140681862831,"y":-0.003899501170963049,"z":-0.00003525871579768136,"w":0.9999846816062927},"size":291.86212158203127,"orthographic":true}