{"cameraMode":{"drawMode":0,"name":"Shaded","section":"Shading Mode"},"sceneLighting":true,"audioPlay":false,"sceneViewState":{"showFog":true,"showMaterialUpdate":false,"showSkybox":true,"showFlares":true,"showImageEffects":true,"showParticleSystems":true},"in2DMode":false,"pivot":{"x":362.8999938964844,"y":-28.650001525878908,"z":-355.73748779296877},"rotation":{"x":-0.01730569452047348,"y":-0.7732487320899963,"z":0.021122237667441369,"w":-0.6335164308547974},"size":676.8392944335938,"orthographic":false}