{"cameraMode":{"drawMode":0,"name":"Shaded","section":"Shading Mode"},"sceneLighting":true,"audioPlay":false,"sceneViewState":{"showFog":true,"showMaterialUpdate":false,"showSkybox":true,"showFlares":true,"showImageEffects":true,"showParticleSystems":true},"in2DMode":false,"pivot":{"x":13.723991394042969,"y":51.18085479736328,"z":-75.2503662109375},"rotation":{"x":0.20285360515117646,"y":-0.42508664727211,"z":0.0983654260635376,"w":0.8766359090805054},"size":23.752792358398439,"orthographic":true}