{"cameraMode":{"drawMode":0,"name":"Shaded","section":"Shading Mode"},"sceneLighting":true,"audioPlay":false,"sceneViewState":{"showFog":true,"showMaterialUpdate":false,"showSkybox":true,"showFlares":true,"showImageEffects":true,"showParticleSystems":true},"in2DMode":false,"pivot":{"x":-10.029960632324219,"y":33.476863861083987,"z":-2.846615791320801},"rotation":{"x":0.024952206760644914,"y":0.9743445515632629,"z":-0.1383003443479538,"w":0.17579157650470735},"size":25.597929000854493,"orthographic":false}