{"cameraMode":{"drawMode":0,"name":"Shaded","section":"Shading Mode"},"sceneLighting":true,"audioPlay":false,"sceneViewState":{"showFog":true,"showMaterialUpdate":false,"showSkybox":true,"showFlares":true,"showImageEffects":true,"showParticleSystems":true},"in2DMode":false,"pivot":{"x":-5.776688098907471,"y":30.476980209350587,"z":-54.39080810546875},"rotation":{"x":0.5690236687660217,"y":0.055403873324394229,"z":-0.03846752643585205,"w":0.8195508718490601},"size":153.4151611328125,"orthographic":true}