{"cameraMode":{"drawMode":0,"name":"Shaded","section":"Shading Mode"},"sceneLighting":true,"audioPlay":false,"sceneViewState":{"showFog":true,"showMaterialUpdate":false,"showSkybox":true,"showFlares":true,"showImageEffects":true,"showParticleSystems":true},"in2DMode":false,"pivot":{"x":17.111976623535158,"y":92.96991729736328,"z":-91.6954345703125},"rotation":{"x":0.7135676741600037,"y":0.035668063908815387,"z":-0.03642166033387184,"w":0.6987379193305969},"size":43.552696228027347,"orthographic":true}