{"cameraMode":{"drawMode":0,"name":"Shaded","section":"Shading Mode"},"sceneLighting":true,"audioPlay":false,"sceneViewState":{"showFog":true,"showMaterialUpdate":false,"showSkybox":true,"showFlares":true,"showImageEffects":true,"showParticleSystems":true},"in2DMode":false,"pivot":{"x":-26.213157653808595,"y":-39.47332763671875,"z":-37.815643310546878},"rotation":{"x":0.3679336607456207,"y":-0.5901342034339905,"z":0.344173401594162,"w":0.6308284997940064},"size":90.4047622680664,"orthographic":true}