{"cameraMode":{"drawMode":0,"name":"Shaded","section":"Shading Mode"},"sceneLighting":true,"audioPlay":false,"sceneViewState":{"showFog":true,"showMaterialUpdate":false,"showSkybox":true,"showFlares":true,"showImageEffects":true,"showParticleSystems":true},"in2DMode":false,"pivot":{"x":0.6047346591949463,"y":27.39128303527832,"z":-11.446550369262696},"rotation":{"x":0.034687042236328128,"y":0.80133455991745,"z":-0.5953840017318726,"w":0.046685799956321719},"size":236.0709228515625,"orthographic":true}