{"cameraMode":{"drawMode":0,"name":"Shaded","section":"Shading Mode"},"sceneLighting":true,"audioPlay":false,"sceneViewState":{"showFog":true,"showMaterialUpdate":false,"showSkybox":true,"showFlares":true,"showImageEffects":true,"showParticleSystems":true},"in2DMode":false,"pivot":{"x":316.3374938964844,"y":-75.95780944824219,"z":-154.987548828125},"rotation":{"x":0.1683330535888672,"y":0.6858088970184326,"z":-0.16782911121845246,"w":0.6878697276115418},"size":415.91802978515627,"orthographic":true}