{"cameraMode":{"drawMode":0,"name":"Shaded","section":"Shading Mode"},"sceneLighting":true,"audioPlay":false,"sceneViewState":{"showFog":true,"showMaterialUpdate":false,"showSkybox":true,"showFlares":true,"showImageEffects":true,"showParticleSystems":true},"in2DMode":false,"pivot":{"x":-13.002418518066407,"y":-29.94854736328125,"z":-45.640533447265628},"rotation":{"x":-0.032924067229032519,"y":-0.7934103608131409,"z":0.6062920689582825,"w":-0.04311137646436691},"size":80.83279418945313,"orthographic":true}