{"cameraMode":{"drawMode":0,"name":"Shaded","section":"Shading Mode"},"sceneLighting":true,"audioPlay":false,"sceneViewState":{"showFog":true,"showMaterialUpdate":false,"showSkybox":true,"showFlares":true,"showImageEffects":true,"showParticleSystems":true},"in2DMode":false,"pivot":{"x":7.6417059898376469,"y":41.87065124511719,"z":-66.2746810913086},"rotation":{"x":0.8291210532188416,"y":-0.0424501895904541,"z":0.06355176120996475,"w":0.5538212060928345},"size":138.6272430419922,"orthographic":true}