{"cameraMode":{"drawMode":0,"name":"Shaded","section":"Shading Mode"},"sceneLighting":true,"audioPlay":false,"sceneViewState":{"showFog":true,"showMaterialUpdate":false,"showSkybox":true,"showFlares":true,"showImageEffects":true,"showParticleSystems":true},"in2DMode":false,"pivot":{"x":892.420166015625,"y":-360.85382080078127,"z":118.78984069824219},"rotation":{"x":-0.1943073272705078,"y":-0.5916347503662109,"z":0.149696484208107,"w":-0.767997682094574},"size":1134.01806640625,"orthographic":false}