{"cameraMode":{"drawMode":0,"name":"Shaded","section":"Shading Mode"},"sceneLighting":true,"audioPlay":false,"sceneViewState":{"showFog":true,"showMaterialUpdate":false,"showSkybox":true,"showFlares":true,"showImageEffects":true,"showParticleSystems":true},"in2DMode":false,"pivot":{"x":734.79345703125,"y":943.8821411132813,"z":1627.141357421875},"rotation":{"x":-0.05566178634762764,"y":-0.06525491178035736,"z":0.003645335091277957,"w":-0.9963106513023377},"size":3131.122802734375,"orthographic":false}