{"cameraMode":{"drawMode":0,"name":"Shaded","section":"Shading Mode"},"sceneLighting":true,"audioPlay":false,"sceneViewState":{"showFog":true,"showMaterialUpdate":false,"showSkybox":true,"showFlares":true,"showImageEffects":true,"showParticleSystems":true},"in2DMode":false,"pivot":{"x":297.3000183105469,"y":24.969877243041993,"z":471.3999938964844},"rotation":{"x":-0.07038580626249314,"y":-0.9274755120277405,"z":0.2902684211730957,"w":-0.22489896416664124},"size":22.10552978515625,"orthographic":false}